/*
SQLyog Ultimate v12.09 (64 bit)
MySQL - 5.7.24 : Database - cloudmusic
*********************************************************************
*/

/*!40101 SET NAMES utf8 */;

/*!40101 SET SQL_MODE=''*/;

/*!40014 SET @OLD_UNIQUE_CHECKS=@@UNIQUE_CHECKS, UNIQUE_CHECKS=0 */;
/*!40014 SET @OLD_FOREIGN_KEY_CHECKS=@@FOREIGN_KEY_CHECKS, FOREIGN_KEY_CHECKS=0 */;
/*!40101 SET @OLD_SQL_MODE=@@SQL_MODE, SQL_MODE='NO_AUTO_VALUE_ON_ZERO' */;
/*!40111 SET @OLD_SQL_NOTES=@@SQL_NOTES, SQL_NOTES=0 */;
CREATE DATABASE /*!32312 IF NOT EXISTS*/`cloudmusic` /*!40100 DEFAULT CHARACTER SET utf8 */;

USE `cloudmusic`;

/*Table structure for table `classify` */

DROP TABLE IF EXISTS `classify`;

CREATE TABLE `classify` (
  `ifyid` int(11) NOT NULL AUTO_INCREMENT COMMENT '分类id',
  `ifyname` varchar(20) DEFAULT NULL COMMENT '分类名称',
  PRIMARY KEY (`ifyid`)
) ENGINE=InnoDB AUTO_INCREMENT=11 DEFAULT CHARSET=utf8;

/*Data for the table `classify` */

insert  into `classify`(`ifyid`,`ifyname`) values (1,'经典'),(2,'流行'),(3,'古风'),(4,'伤感'),(5,'韩国'),(6,'港台'),(7,'大陆'),(8,'男声'),(9,'欧美'),(10,'日语');

/*Table structure for table `musicbase` */

DROP TABLE IF EXISTS `musicbase`;

CREATE TABLE `musicbase` (
  `mid` int(11) NOT NULL AUTO_INCREMENT COMMENT '歌曲id',
  `musicName` varchar(30) NOT NULL COMMENT '歌曲名称',
  `musicUrl` varchar(200) NOT NULL COMMENT '歌曲本地路径',
  `msize` float DEFAULT NULL COMMENT '歌曲大小',
  `singer` varchar(20) NOT NULL COMMENT '歌手',
  `uid` int(20) NOT NULL COMMENT '发布人id',
  `uname` varchar(20) NOT NULL COMMENT '发布人姓名',
  `imgUrl` varchar(200) NOT NULL COMMENT '配图路径',
  `lyrics` text COMMENT '歌词',
  `uploadTime` timestamp NULL DEFAULT '0000-00-00 00:00:00' COMMENT '发布时间',
  `uploadNum` int(11) DEFAULT '0' COMMENT '下载次数',
  `playnum` int(11) NOT NULL DEFAULT '0' COMMENT '播放次数',
  `ifyid` int(11) DEFAULT NULL COMMENT '分类',
  `status` int(1) NOT NULL DEFAULT '0' COMMENT '状态',
  PRIMARY KEY (`mid`),
  UNIQUE KEY `musicName` (`musicName`,`msize`,`singer`),
  KEY `uid` (`uid`)
) ENGINE=InnoDB AUTO_INCREMENT=53 DEFAULT CHARSET=utf8;

/*Data for the table `musicbase` */

insert  into `musicbase`(`mid`,`musicName`,`musicUrl`,`msize`,`singer`,`uid`,`uname`,`imgUrl`,`lyrics`,`uploadTime`,`uploadNum`,`playnum`,`ifyid`,`status`) values (12,'薛之谦 - 绅士.mp3','http://47.103.12.222/music/music/user/music/1/df10f4c4a7164b01840d44d6d86be0cb.mp3',11.1445,'薛之谦',1,'我是你霸霸','http://47.103.12.222/music/music/user/img/1/61bc726f0073456580abc454c79ae6ba.png',NULL,'2019-11-29 19:37:56',0,14,1,1),(13,'G.E.M. 邓紫棋 - 龙卷风.mp3','http://47.103.12.222/music/music/user/music/1/a4b406167a8e404e892480cb62618a95.mp3',9.54688,'邓紫棋',1,'我是你霸霸','http://47.103.12.222/music/music/user/img/1/825e5f13893c4002828645655cfccb5c.png',NULL,'2019-11-29 19:37:56',0,11,1,0),(14,'Beyond - 为了你，为了我.mp3','http://47.103.12.222/music/music/user/music/7/a7df3a5d2c7040d48c2ac47135587e8f.mp3',11.7715,'林峰',7,'微享云用户','http://47.103.12.222/music/music/user/img/7/2dbfe4ddd1c4413f953b05bd3326968b.png',NULL,'2019-11-29 19:37:56',0,10,2,0),(15,'薛之谦 - 等我回家.mp3','http://47.103.12.222/music/music/user/music/1/6219a40f4f26444ab6825c15f7a0f440.mp3',11.4385,'薛之谦',1,'我是你霸霸','http://47.103.12.222/music/music/user/img/1/8f30902ca6a0405a9c8496ba74098b6b.png',NULL,'2019-11-29 19:37:56',0,3,1,0),(16,'薛之谦 - 天份.mp3','http://47.103.12.222/music/music/user/music/1/c4702585489d4386990e28852c629c75.mp3',9.52051,'薛之谦',1,'我是你霸霸','http://47.103.12.222/music/music/user/img/1/4b511a2ffe4646a5b04adf2a66b189c1.png',NULL,'2019-11-29 19:37:56',0,6,1,0),(17,'薛之谦 - 哑巴.mp3','http://47.103.12.222/music/music/user/music/1/411dd0580bde44faa79b05d9fbd5aeb6.mp3',10.0137,'薛之谦',1,'我是你霸霸','http://47.103.12.222/music/music/user/img/1/0e025eb0296e4527b8ed209359dc50f7.png',NULL,'2019-11-29 19:37:56',0,6,1,0),(18,'张杰 - 剑心.mp3','http://47.103.12.222/music/music/user/music/1/a4c5dc655b6b4d4f9ced0af1f4e35812.mp3',9.68359,'张杰',1,'我是你霸霸','http://47.103.12.222/music/music/user/img/1/c208f1c9e8974325ae87795b15c44581.png',NULL,'2019-11-29 19:37:56',0,7,3,0),(19,'黑崎子 - 倾尽天下.mp3','http://47.103.12.222/music/music/user/music/1/e863775887e8446c830f188b02f0b14c.mp3',10.0488,'黑崎子',1,'我是你霸霸','http://47.103.12.222/music/music/user/img/1/7f60b5a98f704a59bf2429f5d11ba39e.png',NULL,'2019-11-29 19:37:56',0,4,8,0),(21,'G.E.M. 邓紫棋 - 泡沫.mp3','http://47.103.12.222/music/music/user/music/1/be6e1b030cb7474d912a7752c27b5ceb.mp3',9.9209,'邓紫棋',1,'我是你霸霸','http://47.103.12.222/music/music/user/img/1/986bd3908d0b4998b7c18d12d65f063b.png',NULL,'2019-11-29 19:37:56',0,1,4,0),(22,'李荣浩 - 老街.mp3','http://47.103.12.222/music/music/user/music/1/d3c78ddc1f294d919c0903feb58255fd.mp3',12.1875,'李荣浩',1,'我是你霸霸','http://47.103.12.222/music/music/user/img/1/8b7bcb74efa64d4abb2bc55c72eaae6f.png',NULL,'2019-11-29 19:37:56',0,6,1,0),(23,'洛天依 - 东京不太热.mp3','http://47.103.12.222/music/music/user/music/1/d47f33f637ac41b8973c2da7fe5fa8d2.mp3',8.76367,'洛天依',1,'我是你霸霸','http://47.103.12.222/music/music/user/img/1/605cdd8a3cc14467942c6dbf1443cc60.png',NULL,'2019-11-29 19:37:56',0,6,10,0),(24,'蒋龙 - 行者.mp3','http://47.103.12.222/music/music/user/music/1/7a09b6754a16469e9432a041852d4b61.mp3',7.14453,'蒋龙',1,'我是你霸霸','http://47.103.12.222/music/music/user/img/1/98ff6eaa6e5a49fb80a46e107548512e.png',NULL,'2019-11-29 19:37:56',0,3,3,0),(25,'薛之谦 - 演员.mp3','http://47.103.12.222/music/music/user/music/1/09aba1773b6847208cc14180f7e0569c.mp3',10.0098,'薛之谦',1,'我是你霸霸','http://47.103.12.222/music/music/user/img/1/a37545e2a13b44e0afe44f584b527ea2.png',NULL,'2019-11-29 19:37:56',0,6,4,0),(26,'薛之谦 - 我好像在哪见过你.mp3','http://47.103.12.222/music/music/user/music/1/893205956c90423db3597a29eeb87e17.mp3',10.749,'薛之谦',1,'我是你霸霸','http://47.103.12.222/music/music/user/img/1/af5cbfdb35e34f608a5cf29b131684c2.png',NULL,'2019-11-29 19:37:56',0,7,4,0),(27,'爱的魔力转圈圈 - 狐叔.mp3','http://47.103.12.222/music/music/user/music/11/91dae15b151141439da16ca4a21da080.mp3',7.53027,'你爸爸',11,'微享云用户','http://47.103.12.222/music/music/user/img/11/d9e097539d8c4ce7ac73ffe6ce944822.png',NULL,'2019-11-29 21:11:21',0,14,2,0),(28,'Jony J - 喜新恋旧.mp3','http://47.103.12.222/music/music/user/music/10/6f432c30f13548e79383955cfaf1c53b.mp3',10.2041,'你好',10,'微享云用户','http://47.103.12.222/music/music/user/img/10/1846474bcd3642968aeb60929b2eac00.png',NULL,'2019-11-29 19:37:56',0,1,1,0),(29,'薛之谦 - 肆无忌惮.mp3','http://47.103.12.222/music/music/user/music/1/85e5788be0e347089cc726e0f96ef411.mp3',9.91797,'薛之谦',1,'菠菜贱卖','http://47.103.12.222/music/music/user/img/1/3f8188b05e234780943a95534ee97dbe.png',NULL,'2019-11-29 21:11:10',0,2,4,1),(30,'林俊杰 _ 谭维维 - 小情歌 (Live).mp3','http://47.103.12.222/music/music/user/music/3/d8066d39d63149a79c492f8cda0c6f77.mp3',11.5908,'林俊杰',3,'一页有千秋','http://47.103.12.222/music/music/user/img/3/1f2ba474d7ec4bb38689ed17dd4af07f.png',NULL,'2019-11-29 19:45:47',2,28,2,0),(31,'张靓颖 _ 张杰 - 燕归巢.mp3','http://47.103.12.222/music/music/user/music/3/ecd55c48ec7b4e5a957f1e2a6cd1a187.mp3',8.12793,'张杰',3,'一页有千秋','http://47.103.12.222/music/music/user/img/3/8c889edf20154ecaa12a895abcdac67b.png',NULL,'2019-12-12 11:29:44',0,10,4,0),(32,'鹿晗 - 致爱（Your Song） (Live).mp3','http://47.103.12.222/music/music/user/music/3/4c2fa969dc0f429da421470f10d8a584.mp3',23.1104,'鹿晗',3,'一页有千秋','http://47.103.12.222/music/music/user/img/3/8b0e94ffa02e4038a919f52651211a6f.png',NULL,'2019-12-12 11:42:53',0,17,1,0),(33,'华晨宇 - 好想爱这个世界啊.mp3','http://47.103.12.222/music/music/user/music/3/aac09739002b41dab0ea68715e519388.mp3',52.8584,'华晨宇',3,'一页有千秋','http://47.103.12.222/music/music/user/img/3/ca2709d082da4fbaa93403b3936d9cb9.png',NULL,'2019-12-12 12:12:02',0,16,2,0),(34,'黑崎子 - 干物女WeiWei.mp3','http://47.103.12.222/music/music/user/music/3/96fef20115ba46cbac6652921f9234e8.mp3',8.59766,'黑崎子',3,'一页有千秋','http://47.103.12.222/music/music/user/img/3/b03828fab91c4b33b50800c0c840fea8.png',NULL,'2019-12-12 12:57:23',0,21,1,0),(35,'薛之谦 - 渡.mp3','http://47.103.12.222/music/music/user/music/3/31d68e9247ce4211a7168e766dba4cb0.mp3',8.16797,'薛之谦',3,'一页有千秋','http://47.103.12.222/music/music/user/img/3/7aefa212f3534943a628adf834613228.png',NULL,'2019-12-12 12:59:32',0,40,4,0),(37,'薛之谦 - 下雨了.mp3','http://47.103.12.222/music/music/user/music/3/7d281a5736e44e6b8cca0af88083d2b7.mp3',11.6895,'薛之谦',3,'一页有千秋','http://47.103.12.222/music/music/user/img/3/3b361d0e55074f3c9d67437c1660ebbd.png',NULL,'2019-12-12 13:04:10',0,71,4,0),(38,'薛之谦 - 消愁 (Live).mp3','http://47.103.12.222/music/music/user/music/17/26348e3b0e8b4fdda1727d4740a8d3e0.mp3',6.69141,'薛之谦',17,'微享云用户','http://47.103.12.222/music/music/user/img/17/f3e6968445e74025a7f5112efc618dc9.png',NULL,'2019-12-12 16:26:11',1,15,4,0),(39,'林忆莲 - 不必在乎我是谁.mp3','http://47.103.12.222/music/music/user/music/33/311c60a2d025438ea7f59b7691340c9a.mp3',25.1348,'传智',33,'微享云用户','http://47.103.12.222/music/music/user/img/33/7c9ae193556044fc93b96ecb92eef025.png',NULL,'2019-12-12 17:02:34',0,3,1,1),(40,'赵紫骅 - 可乐.mp3','http://47.103.12.222/music/music/user/music/20/6308d1c81e424d5da74203e622ed1008.mp3',5.32715,'赵紫骅',20,'微享云用户','http://47.103.12.222/music/music/user/img/20/1d91418f80f44d08a46a08f332018e19.png',NULL,'2019-12-12 17:03:15',0,5,1,0),(41,'BrucerWang - 太傻（Cover：巫启贤）.mp3','http://47.103.12.222/music/music/user/music/30/9a808a40e99d4da4986b00d7b81f06d6.mp3',12.0332,'听歌姑娘',30,'微享云用户','http://47.103.12.222/music/music/user/img/30/60f60570bd3c4e7ba17cafe4fc2856fc.png',NULL,'2019-12-12 17:04:47',1,6,8,1),(42,'连备胎都不是.mp3','http://47.103.12.222/music/music/user/music/35/bdbb84bd29b44e699793681e8889bf50.mp3',3.55859,'备胎',35,'微享云用户','http://47.103.12.222/music/music/user/img/35/5c47d2e870254aadae2242dfc27750cd.png',NULL,'2019-12-12 17:05:02',0,2,4,0),(43,'电台音乐人-荼靡 - 余情未了（原唱）.mp3','http://47.103.12.222/music/music/user/music/37/4af8774ae53247c88a54f2e1c0e9c5ce.mp3',8.2666,'祖娅纳惜',37,'微享云用户','http://47.103.12.222/music/music/user/img/37/51dddf40de184c8580296cd7481a4671.png',NULL,'2019-12-12 17:06:42',0,7,3,0),(44,'Luh Kel - Pull Up.mp3','http://47.103.12.222/music/music/user/music/31/409738696f42492d955ff7ba430b5f29.mp3',5.13086,'Luh Kel',31,'微享云用户','http://47.103.12.222/music/music/user/img/31/2f6bbf6da3f24798b00af76e12c70778.png',NULL,'2019-12-12 17:06:52',0,7,9,0),(45,'天下.mp3','http://47.103.12.222/music/music/user/music/25/bf45b3ad18d141378615a059a62b677c.mp3',3.34375,'张杰',25,'微享云用户','http://47.103.12.222/music/music/user/img/25/92773fd5821d48e5bd39bcb3acd2269a.png',NULL,'2019-12-12 17:07:54',0,3,7,0),(46,'沙漠骆驼.mp3','http://47.103.12.222/music/music/user/music/42/a7a4452cdf1444d3ab22c940e77553f8.mp3',5.1582,'不知道',42,'微享云用户','http://47.103.12.222/music/music/user/img/42/abef6323582243ddbcf43b89867341a1.png',NULL,'2019-12-12 17:08:22',0,4,2,0),(47,'电台音乐人-荼靡 - 余情未了（原唱）.mp3','http://47.103.12.222/music/music/user/music/37/76e9fd31b6af49d6a95f901537b1f2af.mp3',8.2666,'荼靡',37,'微享云用户','http://47.103.12.222/music/music/user/img/37/87a12cdb51fb4c2b866a87a25e4f325a.png',NULL,'2019-12-12 17:08:56',0,1,3,0),(48,'胡夏 - 同桌的你.mp3','http://47.103.12.222/music/music/user/music/38/e53f9ac183cf4074b1ac88846969424f.mp3',10.791,'胡夏',38,'微享云用户','http://47.103.12.222/music/music/user/img/38/67c4f6e843c945c6a3d5ba6363505d79.png',NULL,'2019-12-12 17:10:58',0,3,1,0),(49,'TH讠NK - 祖娅纳惜.mp3','http://47.103.12.222/music/music/user/music/38/76c2c4f1b60444dda6276ecc6f1f1f5e.mp3',9.48438,'祖',38,'微享云用户','http://47.103.12.222/music/music/user/img/38/73670cce63634b0c82008e2fc7f66a54.png',NULL,'2019-12-12 17:12:35',0,4,1,0),(50,'李代沫 - 这就是爱情.mp3','http://47.103.12.222/music/music/user/music/27/545923ae157d4688b68a2fabe11fc93e.mp3',10.834,'李代沫',27,'你Giao~哥','http://47.103.12.222/music/music/user/img/27/fff064d47e85429fb1e34e042a88a3e0.png',NULL,'2019-12-12 17:12:53',0,2,1,1),(51,'阿虾 - 小孩.mp3','http://47.103.12.222/music/music/user/music/27/223533f271774896b0290b88ec265a23.mp3',11.1641,'阿虾',27,'你Giao~哥','http://47.103.12.222/music/music/user/img/27/dd424bdb36b94c7b8e15248443646f4d.png',NULL,'2019-12-12 17:15:37',87,8,1,0),(52,'叶百旗-一贱钟情（叶百旗 Remix） - 叶百旗.mp3','http://47.103.12.222/music/music/user/music/32/bf4b2e4b04c64467b5a23c0e9cf96bf6.mp3',8.44336,'叶百旗',32,'微享云用户','http://47.103.12.222/music/music/user/img/32/903c9b557d0546218736a2827f40f400.png',NULL,'2019-12-12 17:21:27',22,5,1,0);

/*Table structure for table `user` */

DROP TABLE IF EXISTS `user`;

CREATE TABLE `user` (
  `loginId` varchar(20) NOT NULL COMMENT '登录账号',
  `loginName` varchar(10) DEFAULT '微享云用户' COMMENT '昵称',
  `loginPassword` varchar(20) NOT NULL COMMENT '登录密码',
  `gender` varchar(2) DEFAULT '男' COMMENT '性别',
  `age` int(11) DEFAULT '0' COMMENT '年龄',
  `telephoneNumber` varchar(11) DEFAULT NULL COMMENT '电话号码',
  `email` varchar(20) DEFAULT NULL COMMENT '邮箱',
  `intro` varchar(100) DEFAULT '该用户没有留下足迹_(:з」∠)_' COMMENT '简介',
  `timg` varchar(100) DEFAULT NULL COMMENT '头像路径',
  `vip` varchar(2) DEFAULT '0' COMMENT '会员等级',
  `overdueTime` timestamp NOT NULL DEFAULT CURRENT_TIMESTAMP ON UPDATE CURRENT_TIMESTAMP COMMENT '到期时间',
  `statuscode` int(11) DEFAULT '1' COMMENT '是否可用',
  `uid` int(11) NOT NULL AUTO_INCREMENT COMMENT '用户id',
  PRIMARY KEY (`uid`),
  KEY `uid` (`uid`)
) ENGINE=InnoDB AUTO_INCREMENT=46 DEFAULT CHARSET=utf8;

/*Data for the table `user` */

insert  into `user`(`loginId`,`loginName`,`loginPassword`,`gender`,`age`,`telephoneNumber`,`email`,`intro`,`timg`,`vip`,`overdueTime`,`statuscode`,`uid`) values ('222222','菠菜贱卖','666666','女',18,'','207798583@qq.com','该用户没有留下足迹_(:з」∠)_','http://47.103.12.222/photo/user/1/ae3582af328d4d70947a679095a5065e.png','0','2019-12-18 18:38:42',1,1),('111111','小喇叭','444444','女',0,'','207798583@qq.com','该用户没有留下足迹_(:з」∠)_','http://47.103.12.222/photo/user/2/d5f9a9d3184b4bb389de1ceb999f9b2d.png','0','2019-12-18 18:38:42',1,2),('333333','一页有千秋','333333','男',0,NULL,'2077985@qq.com','该用户没有留下足迹_(:з」∠)_','http://47.103.12.222/photo/user/3/5f894e7e6996435fb994926438a2bcee.png','0','2019-12-18 18:38:42',1,3),('666666','微享云用户','666666','男',0,NULL,'','该用户没有留下足迹_(:з」∠)_','http://47.103.12.222/photo/user/4/013b7c1c6672400aa0114ef90e137d7d.png','0','2019-12-18 18:38:42',1,4),('777777','微享云用户','777777','男',0,NULL,'','该用户没有留下足迹_(:з」∠)_','https://ss2.bdstatic.com/70cFvnSh_Q1YnxGkpoWK1HF6hhy/it/u=3615831237,1510664097&fm=26&gp=0.jpg','0','2019-10-08 17:00:54',1,6),('1324266778','微享云用户','a132426677','男',16,NULL,'1324266778@qq.com','该用户没有留下足迹_(:з」∠)_','http://47.103.12.222/photo/user/7/339953c5175c482e8a4b6fb5f58ab7d5.jpg','0','2019-12-18 18:38:42',1,7),('11111111','微享云用户','11111111','男',0,NULL,'','该用户没有留下足迹_(:з」∠)_','https://ss2.bdstatic.com/70cFvnSh_Q1YnxGkpoWK1HF6hhy/it/u=3615831237,1510664097&fm=26&gp=0.jpg','0','2019-10-08 17:00:55',1,8),('19991220','微享云用户','991220','男',0,NULL,'','该用户没有留下足迹_(:з」∠)_','https://ss2.bdstatic.com/70cFvnSh_Q1YnxGkpoWK1HF6hhy/it/u=3615831237,1510664097&fm=26&gp=0.jpg','0','2019-10-08 17:00:55',1,9),('17735959057','微享云用户','z19991220','男',0,NULL,'','该用户没有留下足迹_(:з」∠)_','https://ss2.bdstatic.com/70cFvnSh_Q1YnxGkpoWK1HF6hhy/it/u=3615831237,1510664097&fm=26&gp=0.jpg','0','2019-10-08 17:00:56',1,10),('123456','微享云用户','123456','男',0,NULL,NULL,'该用户没有留下足迹_(:з」∠)_','https://ss2.bdstatic.com/70cFvnSh_Q1YnxGkpoWK1HF6hhy/it/u=3615831237,1510664097&fm=26&gp=0.jpg','0','2019-10-11 21:01:31',1,11),('2222222','谁TM买小米啊','2222222','男',0,NULL,'','该用户没有留下足迹_(:з」∠)_','http://47.103.12.222/photo/user/12/6f6cfa185a3a4983a3c905934af7136e.png','0','2019-12-18 18:38:42',1,12),('000000000','微享云用户','0000000000','男',0,NULL,NULL,'该用户没有留下足迹_(:з」∠)_','https://ss2.bdstatic.com/70cFvnSh_Q1YnxGkpoWK1HF6hhy/it/u=3615831237,1510664097&fm=26&gp=0.jpg','0','2019-10-17 20:51:32',1,13),('1','微享云用户','123456','男',0,NULL,NULL,'该用户没有留下足迹_(:з」∠)_','https://ss2.bdstatic.com/70cFvnSh_Q1YnxGkpoWK1HF6hhy/it/u=3615831237,1510664097&fm=26&gp=0.jpg','0','2019-10-21 11:56:34',1,14),('7777777','微享云用户','7777777','男',0,NULL,NULL,'该用户没有留下足迹_(:з」∠)_','http://47.103.12.222/photo/user/15/05e8df8a9c754e12956033b9173e85fa.png','0','2019-12-18 18:38:42',1,15),('6666666','微享云用户','a123456','男',0,NULL,NULL,'该用户没有留下足迹_(:з」∠)_','https://ss2.bdstatic.com/70cFvnSh_Q1YnxGkpoWK1HF6hhy/it/u=3615831237,1510664097&fm=26&gp=0.jpg','0','2019-12-12 11:22:17',1,16),('4444444','微享云用户','4444444','男',0,NULL,NULL,'该用户没有留下足迹_(:з」∠)_','http://47.103.12.222/photo/user/17/846e8fa19de44ffeaac2a49e7404c4d6.png','0','2019-12-18 18:38:42',1,17),('123','微享云用户123','123456','男',0,NULL,'','123','http://47.103.12.222/photo/user/18/eb87b77087044bd0ada066f330a64faf.png','8','2019-12-18 18:38:42',1,18),('1212','微享云用户','123123','男',0,NULL,NULL,'该用户没有留下足迹_(:з」∠)_','https://ss2.bdstatic.com/70cFvnSh_Q1YnxGkpoWK1HF6hhy/it/u=3615831237,1510664097&fm=26&gp=0.jpg','0','2019-12-12 16:58:00',1,19),('3','微享云用户','123123','男',0,NULL,NULL,'该用户没有留下足迹_(:з」∠)_','http://47.103.12.222/photo/user/20/db955aeea1294306b432f3e5e950a2d5.gif','0','2019-12-18 18:38:42',1,20),('99999','微享云用户','1192341606','男',0,NULL,NULL,'该用户没有留下足迹_(:з」∠)_','https://ss2.bdstatic.com/70cFvnSh_Q1YnxGkpoWK1HF6hhy/it/u=3615831237,1510664097&fm=26&gp=0.jpg','0','2019-12-12 16:58:16',1,21),('599916781','微享云用户','123456','男',0,NULL,NULL,'该用户没有留下足迹_(:з」∠)_','https://ss2.bdstatic.com/70cFvnSh_Q1YnxGkpoWK1HF6hhy/it/u=3615831237,1510664097&fm=26&gp=0.jpg','0','2019-12-12 16:58:22',1,22),('222222222','微享云用户','101688','男',0,NULL,NULL,'该用户没有留下足迹_(:з」∠)_','https://ss2.bdstatic.com/70cFvnSh_Q1YnxGkpoWK1HF6hhy/it/u=3615831237,1510664097&fm=26&gp=0.jpg','0','2019-12-12 16:58:26',1,23),('1233','微享云用户','123456','男',0,NULL,NULL,'该用户没有留下足迹_(:з」∠)_','https://ss2.bdstatic.com/70cFvnSh_Q1YnxGkpoWK1HF6hhy/it/u=3615831237,1510664097&fm=26&gp=0.jpg','0','2019-12-12 16:58:31',1,24),('12333','微享云用户','123456','男',0,NULL,NULL,'该用户没有留下足迹_(:з」∠)_','https://ss2.bdstatic.com/70cFvnSh_Q1YnxGkpoWK1HF6hhy/it/u=3615831237,1510664097&fm=26&gp=0.jpg','0','2019-12-12 16:58:35',1,25),('8','微享云用户','12345678','男',0,NULL,NULL,'该用户没有留下足迹_(:з」∠)_','https://ss2.bdstatic.com/70cFvnSh_Q1YnxGkpoWK1HF6hhy/it/u=3615831237,1510664097&fm=26&gp=0.jpg','0','2019-12-12 16:58:38',1,26),('121212','你Giao~哥','111111','男',555,NULL,'','你Giao~哥,永远是你giao~哥! !','http://47.103.12.222/photo/user/27/21d3ebb25a4f4a77af7d46aea3ef770e.png','0','2019-12-18 18:38:42',1,27),('34566','微享云用户','123456789','男',0,NULL,NULL,'该用户没有留下足迹_(:з」∠)_','http://47.103.12.222/photo/user/28/fb2da9d819b04d4c95522da461d4ec59.gif','0','2019-12-18 18:38:42',1,28),('123456789','微享云用户','12345678','男',0,NULL,NULL,'该用户没有留下足迹_(:з」∠)_','https://ss2.bdstatic.com/70cFvnSh_Q1YnxGkpoWK1HF6hhy/it/u=3615831237,1510664097&fm=26&gp=0.jpg','0','2019-12-12 16:59:16',1,29),('110','微享云用户','123123','男',0,NULL,NULL,'该用户没有留下足迹_(:з」∠)_','http://47.103.12.222/photo/user/30/b970a677c636484ea61f27c9a3041c02.jpg','0','2019-12-18 18:38:42',1,30),('20','侯祥乐是我儿砸','1379500550','男',21,NULL,'','该用户没有留下足迹_(:з」∠)_','http://47.103.12.222/photo/user/31/1cc76ee1748e4b66906f09abc06646ca.png','0','2019-12-18 18:38:42',1,31),('1633266453','微享云用户','xiyoutqx','男',0,NULL,NULL,'该用户没有留下足迹_(:з」∠)_','http://47.103.12.222/photo/user/32/420ce61d586845bf9f3daa53099c2659.png','0','2019-12-18 18:38:42',1,32),('3838438','微享云用户','3838438','男',0,NULL,NULL,'该用户没有留下足迹_(:з」∠)_','https://ss2.bdstatic.com/70cFvnSh_Q1YnxGkpoWK1HF6hhy/it/u=3615831237,1510664097&fm=26&gp=0.jpg','0','2019-12-12 16:59:40',1,33),('11111','微享云用户','222222','男',0,NULL,NULL,'该用户没有留下足迹_(:з」∠)_','http://47.103.12.222/photo/user/34/68b795008e24436bbf9768b7bdc08baf.png','0','2019-12-18 18:38:42',1,34),('1234567','微享云用户','123456','男',0,NULL,NULL,'该用户没有留下足迹_(:з」∠)_','https://ss2.bdstatic.com/70cFvnSh_Q1YnxGkpoWK1HF6hhy/it/u=3615831237,1510664097&fm=26&gp=0.jpg','0','2019-12-12 17:00:45',1,35),('2','？？？','123123123a','男',16,NULL,'','？？？？','http://47.103.12.222/photo/user/36/4a16e40f74c2449c8aa3d8c44119bf19.jpg','0','2019-12-18 18:38:42',1,36),('111451012112421','微享云用户','123456789','男',0,NULL,NULL,'该用户没有留下足迹_(:з」∠)_','https://ss2.bdstatic.com/70cFvnSh_Q1YnxGkpoWK1HF6hhy/it/u=3615831237,1510664097&fm=26&gp=0.jpg','0','2019-12-12 17:01:38',1,37),('969696','我是你马','969696','男',0,NULL,'','^','http://47.103.12.222/photo/user/38/bd75189d160d4c60802a2b1642e4384c.png','0','2019-12-18 18:38:42',1,38),('12311','微享云用户','123456','男',0,NULL,NULL,'该用户没有留下足迹_(:з」∠)_','http://47.103.12.222/photo/user/39/f2274809b9b349068798b803c383938c.png','0','2019-12-18 18:38:42',1,39),('1797778588','微享云用户','1314520031','男',0,NULL,NULL,'该用户没有留下足迹_(:з」∠)_','https://ss2.bdstatic.com/70cFvnSh_Q1YnxGkpoWK1HF6hhy/it/u=3615831237,1510664097&fm=26&gp=0.jpg','0','2019-12-12 17:05:24',1,40),('-2','微享云用户','123456','男',0,NULL,'','该用户没有留下足迹_(:з」∠)_','http://47.103.12.222/photo/user/41/a422c3ac2e9447d7aed288b5a4ef4b54.jpg','0','2019-12-18 18:38:42',1,41),('5215','微享云用户','wangqingbo','男',0,NULL,NULL,'该用户没有留下足迹_(:з」∠)_','http://47.103.12.222/photo/user/42/b74b7145776f491990300fffd4faa0f3.jpg','0','2019-12-18 18:38:42',1,42),('10','微享云用户','123456','男',0,NULL,NULL,'该用户没有留下足迹_(:з」∠)_','https://ss2.bdstatic.com/70cFvnSh_Q1YnxGkpoWK1HF6hhy/it/u=3615831237,1510664097&fm=26&gp=0.jpg','0','2019-12-12 17:33:22',1,43),('404','微享云用户','123456','男',0,NULL,NULL,'该用户没有留下足迹_(:з」∠)_','http://47.103.12.222/photo/user/44/e1d213d9ebb14d79a065992c933a3508.gif','0','2019-12-18 18:38:42',1,44),('1024','微享云用户','cz1024','男',0,NULL,NULL,'该用户没有留下足迹_(:з」∠)_','https://ss2.bdstatic.com/70cFvnSh_Q1YnxGkpoWK1HF6hhy/it/u=3615831237,1510664097&fm=26&gp=0.jpg','0','2019-12-12 19:39:21',1,45);

/*Table structure for table `userchat` */

DROP TABLE IF EXISTS `userchat`;

CREATE TABLE `userchat` (
  `chatId` int(11) NOT NULL AUTO_INCREMENT COMMENT '聊天信息表主键',
  `uid` int(11) DEFAULT NULL COMMENT '用户id',
  `sendtime` timestamp NOT NULL DEFAULT CURRENT_TIMESTAMP ON UPDATE CURRENT_TIMESTAMP COMMENT '发送时间',
  `sendcontent` varchar(500) DEFAULT NULL COMMENT '发送内容',
  `type` int(11) DEFAULT NULL COMMENT '类型: 0 为普通文本,1为音乐资源',
  PRIMARY KEY (`chatId`)
) ENGINE=InnoDB AUTO_INCREMENT=311 DEFAULT CHARSET=utf8;

/*Data for the table `userchat` */

insert  into `userchat`(`chatId`,`uid`,`sendtime`,`sendcontent`,`type`) values (113,1,'2019-10-08 11:39:57','哈哈哈',0),(114,1,'2019-10-08 11:39:59','12',1),(115,7,'2019-10-08 11:43:01','qeqeqeqeqe',0),(116,7,'2019-10-08 14:24:53','242424',0),(117,1,'2019-10-08 14:25:05','你好啊',0),(118,7,'2019-10-08 14:25:12','你傻逼',0),(119,1,'2019-10-08 14:25:31','家城是个沙雕',0),(120,1,'2019-10-11 20:58:41','22',1),(121,1,'2019-10-11 21:04:50','22',1),(122,1,'2019-10-11 21:04:52','17',1),(123,1,'2019-10-11 21:04:55','24',1),(124,1,'2019-10-11 21:05:39','你好',0),(125,1,'2019-10-11 21:08:18','17',1),(126,1,'2019-10-11 22:03:41','17',1),(127,12,'2019-10-17 20:28:54','啊实打实大苏打',0),(128,12,'2019-10-17 20:28:58','阿桑打哇萨达撒旦飞洒地方撒旦发射点风格',0),(129,12,'2019-10-17 20:29:01','546456456456456',0),(130,12,'2019-10-17 20:29:01','',0),(131,12,'2019-10-17 20:29:01','',0),(132,12,'2019-10-17 20:29:02','',0),(133,12,'2019-10-17 20:29:02','',0),(134,12,'2019-10-17 20:29:02','',0),(135,12,'2019-10-17 20:29:02','',0),(136,12,'2019-10-17 20:29:02','',0),(137,12,'2019-10-17 20:29:03','',0),(138,12,'2019-10-17 20:29:03','',0),(139,12,'2019-10-17 20:29:03','',0),(140,1,'2019-10-21 11:55:17','17',1),(141,1,'2019-11-29 19:59:00','16',1),(142,3,'2019-11-29 19:59:08','30',1),(143,3,'2019-11-29 19:59:18','1231312',0),(144,3,'2019-11-29 19:59:19','12312',0),(145,3,'2019-11-29 19:59:19','313',0),(146,3,'2019-11-29 19:59:19','13',0),(147,3,'2019-11-29 19:59:19','123',0),(148,3,'2019-11-29 19:59:19','123',0),(149,3,'2019-11-29 19:59:20','12',0),(150,3,'2019-11-29 19:59:20','1',0),(151,3,'2019-11-29 19:59:20','12',0),(152,3,'2019-11-29 19:59:20','123',0),(153,3,'2019-11-29 19:59:20','12',0),(154,3,'2019-11-29 19:59:21','1',0),(155,3,'2019-11-29 19:59:21','1',0),(156,3,'2019-11-29 19:59:21','12',0),(157,3,'2019-11-29 19:59:21','12',0),(158,3,'2019-11-29 19:59:22','1',0),(159,3,'2019-11-29 19:59:22','12',0),(160,3,'2019-11-29 19:59:22','12',0),(161,3,'2019-11-29 19:59:22','1122',0),(162,3,'2019-11-29 19:59:23','12',0),(163,3,'2019-11-29 19:59:23','12',0),(164,3,'2019-11-29 19:59:23','12',0),(165,3,'2019-11-29 19:59:23','312',0),(166,3,'2019-11-29 19:59:23','312',0),(167,3,'2019-12-04 10:14:11','30',1),(168,3,'2019-12-09 10:32:05','30',1),(169,17,'2019-12-12 16:32:06','你好啊',0),(170,17,'2019-12-12 16:49:59','38',1),(171,16,'2019-12-12 16:50:01','你个哈麻皮',0),(172,17,'2019-12-12 16:50:07','11111111111111111',0),(173,17,'2019-12-12 16:50:09','12313',0),(174,17,'2019-12-12 16:50:09','',0),(175,17,'2019-12-12 16:50:10','123',0),(176,17,'2019-12-12 16:50:10','3',0),(177,17,'2019-12-12 16:50:10','31',0),(178,17,'2019-12-12 16:50:10','321',0),(179,17,'2019-12-12 16:50:10','31',0),(180,17,'2019-12-12 16:50:11','3',0),(181,17,'2019-12-12 16:50:11','3',0),(182,17,'2019-12-12 16:50:14','38',1),(183,16,'2019-12-12 16:50:16','牛皮',0),(184,17,'2019-12-12 16:50:16','38',1),(185,17,'2019-12-12 16:50:18','38',1),(186,17,'2019-12-12 16:54:52','1',0),(187,17,'2019-12-12 16:54:54','38',1),(188,17,'2019-12-12 16:54:57','12313123',0),(189,17,'2019-12-12 16:54:58','3123',0),(190,17,'2019-12-12 16:54:58','31',0),(191,17,'2019-12-12 16:54:58','31',0),(192,17,'2019-12-12 16:54:59','1',0),(193,17,'2019-12-12 16:54:59','1',0),(194,17,'2019-12-12 16:54:59','12',0),(195,17,'2019-12-12 16:54:59','1',0),(196,17,'2019-12-12 16:55:00','13',0),(197,16,'2019-12-12 16:55:01','132123',0),(198,17,'2019-12-12 16:55:02','38',1),(199,18,'2019-12-12 16:55:02','123',0),(200,16,'2019-12-12 16:55:05','zz',0),(201,18,'2019-12-12 16:55:16','nc',0),(202,17,'2019-12-12 16:55:18','ngzz',0),(203,18,'2019-12-12 16:55:20','bc',0),(204,16,'2019-12-12 16:55:31','法克you',0),(205,16,'2019-12-12 16:55:39','这个当内网通他不香吗',0),(206,17,'2019-12-12 16:55:43','1',0),(207,18,'2019-12-12 16:56:04','123',0),(208,18,'2019-12-12 16:57:07','哇哦',0),(209,20,'2019-12-12 17:00:06','?????',0),(210,16,'2019-12-12 17:00:08','匿名喷人他不香吗',0),(211,25,'2019-12-12 17:01:13','woqy ',0),(212,25,'2019-12-12 17:01:16','？？？',0),(213,25,'2019-12-12 17:01:33','花里胡哨的',0),(214,34,'2019-12-12 17:01:34','菜逼',0),(215,25,'2019-12-12 17:01:43','晃我眼睛',0),(216,25,'2019-12-12 17:01:57','改改这个学飘',0),(217,25,'2019-12-12 17:02:00','雪',0),(218,25,'2019-12-12 17:02:07','有木有切换主题',0),(219,18,'2019-12-12 17:02:14','应该没有',0),(220,34,'2019-12-12 17:02:14','图片发不了那',0),(221,25,'2019-12-12 17:02:48','这个雪飘的晃眼',0),(222,34,'2019-12-12 17:03:34','作者的心情是大雪',0),(223,25,'2019-12-12 17:03:51','好评好评',0),(224,25,'2019-12-12 17:03:54','我投资',0),(225,20,'2019-12-12 17:03:55','40',1),(226,22,'2019-12-12 17:04:10','楼上齐公子?',0),(227,25,'2019-12-12 17:04:12','这个项目我投了',0),(228,33,'2019-12-12 17:04:14','这个雪好烦',0),(229,33,'2019-12-12 17:04:23','影响我听歌了',0),(230,27,'2019-12-12 17:04:30','???',0),(231,20,'2019-12-12 17:04:45','为什么说我是齐公子',0),(232,17,'2019-12-12 17:05:03','雪设定我加个按钮吧',0),(233,25,'2019-12-12 17:05:14','切换个主题吧',0),(234,25,'2019-12-12 17:05:15','切换个主题吧',0),(235,25,'2019-12-12 17:05:44','出现了卡顿，连续发出了两条消息',0),(236,17,'2019-12-12 17:06:01','嗯',0),(237,30,'2019-12-12 17:06:21','》？？？？',0),(238,22,'2019-12-12 17:06:39','我要开VIP',0),(239,30,'2019-12-12 17:06:41','',0),(240,30,'2019-12-12 17:06:44','uuu',0),(241,22,'2019-12-12 17:06:45','终身的',0),(242,27,'2019-12-12 17:06:56','',0),(243,27,'2019-12-12 17:06:58','',0),(244,27,'2019-12-12 17:06:59','',0),(245,27,'2019-12-12 17:06:59','',0),(246,27,'2019-12-12 17:06:59','',0),(247,27,'2019-12-12 17:07:19','我能空消息刷屏......',0),(248,27,'2019-12-12 17:07:21','',0),(249,27,'2019-12-12 17:07:21','',0),(250,27,'2019-12-12 17:07:21','',0),(251,27,'2019-12-12 17:07:22','',0),(252,27,'2019-12-12 17:07:22','',0),(253,27,'2019-12-12 17:07:22','',0),(254,27,'2019-12-12 17:07:22','',0),(255,30,'2019-12-12 17:07:25','聊天室无法截图',0),(256,30,'2019-12-12 17:07:45','',0),(257,30,'2019-12-12 17:07:47','',0),(258,30,'2019-12-12 17:07:50','41',1),(259,30,'2019-12-12 17:08:03','。。。',0),(260,18,'2019-12-12 17:08:14','这张照片。。。',0),(261,20,'2019-12-12 17:13:34','....',0),(262,20,'2019-12-12 17:13:36','40',1),(263,20,'2019-12-12 17:13:58','我要加好友',0),(264,20,'2019-12-12 17:14:06','为什么没有这个功能',0),(265,18,'2019-12-12 17:17:00','好像有的',0),(266,35,'2019-12-12 17:21:22','miemiemie?',0),(267,35,'2019-12-12 17:21:37','那个VIP在哪看啊',0),(268,27,'2019-12-12 17:31:19','',0),(269,27,'2019-12-12 17:31:19','',0),(270,27,'2019-12-12 17:31:19','',0),(271,27,'2019-12-12 17:31:20','',0),(272,27,'2019-12-12 17:31:20','',0),(273,27,'2019-12-12 17:31:20','',0),(274,27,'2019-12-12 17:31:20','',0),(275,27,'2019-12-12 17:31:20','',0),(276,27,'2019-12-12 17:31:20','',0),(277,27,'2019-12-12 17:31:20','',0),(278,27,'2019-12-12 17:31:21','',0),(279,27,'2019-12-12 17:31:21','',0),(280,27,'2019-12-12 17:31:21','',0),(281,27,'2019-12-12 17:31:21','',0),(282,27,'2019-12-12 17:31:21','',0),(283,27,'2019-12-12 17:31:21','',0),(284,27,'2019-12-12 17:31:22','',0),(285,27,'2019-12-12 17:31:22','',0),(286,27,'2019-12-12 17:31:22','',0),(287,27,'2019-12-12 17:31:22','',0),(288,27,'2019-12-12 17:31:22','',0),(289,27,'2019-12-12 17:31:22','',0),(290,27,'2019-12-12 17:31:23','',0),(291,27,'2019-12-12 17:31:23','',0),(292,27,'2019-12-12 17:31:23','',0),(293,27,'2019-12-12 17:31:23','',0),(294,27,'2019-12-12 17:31:23','',0),(295,27,'2019-12-12 17:31:23','',0),(296,27,'2019-12-12 17:31:23','',0),(297,27,'2019-12-12 17:31:23','',0),(298,27,'2019-12-12 17:31:24','',0),(299,27,'2019-12-12 17:31:24','',0),(300,27,'2019-12-12 17:31:24','',0),(301,27,'2019-12-12 17:31:24','',0),(302,27,'2019-12-12 17:31:24','',0),(303,27,'2019-12-12 17:31:24','',0),(304,27,'2019-12-12 17:31:24','',0),(305,17,'2019-12-12 18:02:58','38',1),(306,1,'2019-12-16 09:54:02','23',1),(307,1,'2019-12-18 16:55:53','1231313',0),(308,1,'2019-12-18 16:55:55','123131',0),(309,1,'2019-12-18 16:55:56','123123',0),(310,1,'2019-12-18 16:55:59','16',1);

/*Table structure for table `userconcern` */

DROP TABLE IF EXISTS `userconcern`;

CREATE TABLE `userconcern` (
  `gid` int(11) NOT NULL AUTO_INCREMENT COMMENT '主键',
  `concernId` int(11) DEFAULT NULL COMMENT '被关注用户id',
  `fansId` int(11) DEFAULT NULL COMMENT '粉丝id',
  `concernTime` timestamp NOT NULL DEFAULT CURRENT_TIMESTAMP ON UPDATE CURRENT_TIMESTAMP COMMENT '关注时间',
  PRIMARY KEY (`gid`),
  UNIQUE KEY `concernId` (`concernId`,`fansId`)
) ENGINE=InnoDB AUTO_INCREMENT=185 DEFAULT CHARSET=utf8;

/*Data for the table `userconcern` */

insert  into `userconcern`(`gid`,`concernId`,`fansId`,`concernTime`) values (133,4,4,'2019-09-16 18:14:17'),(142,2,4,'2019-09-29 14:49:33'),(149,1,10,'2019-10-08 11:55:27'),(151,1,11,'2019-10-11 21:02:19'),(156,11,1,'2019-10-17 16:43:37'),(157,1,1,'2019-10-21 11:57:35'),(165,3,3,'2019-11-29 20:29:27'),(166,1,3,'2019-12-04 10:12:59'),(168,17,1,'2019-12-12 16:27:23'),(169,38,38,'2019-12-12 17:11:35'),(174,1,31,'2019-12-12 17:21:12'),(175,27,27,'2019-12-12 17:22:20'),(176,20,20,'2019-12-12 17:25:17'),(177,27,20,'2019-12-12 17:26:41'),(179,36,17,'2019-12-12 17:33:51'),(181,38,1,'2019-12-16 12:50:57'),(182,35,1,'2019-12-16 12:51:47'),(184,1,15,'2019-12-18 16:54:28');

/*Table structure for table `usermsg` */

DROP TABLE IF EXISTS `usermsg`;

CREATE TABLE `usermsg` (
  `uid` int(11) NOT NULL AUTO_INCREMENT COMMENT '用户id',
  `concernNum` bigint(20) DEFAULT '0',
  `fansNum` bigint(20) DEFAULT '0',
  PRIMARY KEY (`uid`)
) ENGINE=InnoDB AUTO_INCREMENT=46 DEFAULT CHARSET=utf8;

/*Data for the table `usermsg` */

insert  into `usermsg`(`uid`,`concernNum`,`fansNum`) values (1,5,6),(2,0,1),(3,2,1),(4,1,1),(5,0,0),(6,0,0),(7,0,0),(8,0,0),(9,0,0),(10,1,0),(11,1,1),(12,0,0),(13,0,0),(14,0,0),(15,1,0),(16,0,0),(17,1,1),(18,0,0),(19,0,0),(20,2,1),(21,0,0),(22,0,0),(23,0,0),(24,0,0),(25,0,0),(26,0,0),(27,1,2),(28,0,0),(29,0,0),(30,0,0),(31,1,0),(32,0,0),(33,0,0),(34,0,0),(35,0,1),(36,0,1),(37,0,0),(38,1,2),(39,0,0),(40,0,0),(41,0,0),(42,0,0),(43,0,0),(44,0,0),(45,0,0);

/*Table structure for table `yxcomment` */

DROP TABLE IF EXISTS `yxcomment`;

CREATE TABLE `yxcomment` (
  `cid` int(11) NOT NULL AUTO_INCREMENT,
  `uid` int(11) NOT NULL,
  `mid` int(11) DEFAULT NULL,
  `cnum` bigint(20) DEFAULT NULL,
  `isparent` int(11) DEFAULT NULL,
  `content` varchar(500) DEFAULT NULL,
  `recoverytime` timestamp NOT NULL DEFAULT CURRENT_TIMESTAMP ON UPDATE CURRENT_TIMESTAMP,
  PRIMARY KEY (`cid`)
) ENGINE=InnoDB AUTO_INCREMENT=100 DEFAULT CHARSET=utf8;

/*Data for the table `yxcomment` */

insert  into `yxcomment`(`cid`,`uid`,`mid`,`cnum`,`isparent`,`content`,`recoverytime`) values (59,1,12,1,0,'1111111111111','2019-10-21 11:57:45'),(60,1,12,1,59,'111111111111111111111111111111111111111111111111','2019-10-08 11:13:06'),(61,1,27,0,0,'卧槽','2019-10-17 16:43:25'),(62,1,27,1,0,'666666666666666666\r\n\r\n','2019-10-11 21:09:05'),(63,1,27,0,0,'1111111111111111111111','2019-10-17 16:43:31'),(64,1,28,0,0,'菠菜贱卖','2019-10-17 16:50:53'),(65,3,30,1,0,'123','2019-12-09 09:43:19'),(66,3,30,0,65,'哈哈哈','2019-12-09 09:43:31'),(67,38,40,0,0,'期待我的我的','2019-12-12 17:05:24'),(68,38,40,1,0,'？？？？','2019-12-12 17:05:23'),(69,38,40,1,0,'双击发送','2019-12-12 17:05:21'),(70,38,40,0,69,'666','2019-12-12 17:05:31'),(71,39,34,0,0,'xZxZ \r\n','2019-12-12 17:07:57'),(72,18,51,1,0,'123','2019-12-12 17:24:16'),(73,38,41,1,0,'nb','2019-12-12 17:18:16'),(74,17,43,2,0,'1231323','2019-12-12 17:18:43'),(75,30,41,0,73,'qqq','2019-12-12 17:18:22'),(76,17,43,1,74,'12313','2019-12-12 17:18:33'),(77,38,43,0,0,'11','2019-12-12 17:18:36'),(78,39,43,0,0,'asdsad','2019-12-12 17:18:48'),(79,27,51,3,0,'456','2019-12-12 17:26:50'),(80,38,52,0,0,'111','2019-12-12 17:22:40'),(81,38,51,1,0,'wdnmd','2019-12-12 17:24:15'),(82,38,49,0,0,'wdnmd\r\n','2019-12-12 17:22:55'),(83,20,51,1,0,'123123','2019-12-12 17:23:50'),(84,31,44,1,0,'源哥对不起 小弟知错了\r\n\r\n\r\n','2019-12-12 17:24:05'),(85,20,51,1,0,'12313','2019-12-12 17:24:18'),(86,20,51,1,0,'1111111111','2019-12-12 17:24:19'),(87,20,48,1,0,'同桌的你还好吗','2019-12-12 17:25:11'),(88,35,52,0,0,'wtf??????????????????\r\n','2019-12-12 17:26:13'),(89,35,52,0,0,'wtf??????????????????\r\n','2019-12-12 17:26:14'),(90,35,52,0,0,'\r\n???????????????????????????????','2019-12-12 17:26:21'),(91,30,52,0,0,'weda\r\n\r\n\r\n\r\n','2019-12-12 17:27:12'),(92,30,51,1,0,'dwad','2019-12-18 16:51:40'),(93,31,43,0,77,'我看看那位仁兄在搞黄色','2019-12-12 17:29:00'),(94,20,40,1,0,'这个歌也太好听了吧','2019-12-12 17:31:24'),(95,36,26,0,0,'占楼 \r\n\r\n','2019-12-12 17:30:18'),(96,36,25,0,0,'占楼','2019-12-12 17:31:54'),(97,1,51,0,0,'12313213','2019-12-18 16:51:24'),(98,1,51,0,0,'1231231322','2019-12-18 16:51:31'),(99,1,51,1,79,'1223131','2019-12-18 16:51:59');

/*Table structure for table `yxfeedback` */

DROP TABLE IF EXISTS `yxfeedback`;

CREATE TABLE `yxfeedback` (
  `fid` int(11) NOT NULL AUTO_INCREMENT COMMENT '主键',
  `uid` int(11) NOT NULL COMMENT '用户id',
  `uname` varchar(50) NOT NULL COMMENT '用户昵称',
  `messagename` varchar(100) NOT NULL COMMENT '标题',
  `datetime` timestamp NOT NULL DEFAULT CURRENT_TIMESTAMP ON UPDATE CURRENT_TIMESTAMP COMMENT '提交时间',
  `textarea` varchar(500) DEFAULT NULL COMMENT '反馈内容',
  PRIMARY KEY (`fid`)
) ENGINE=InnoDB AUTO_INCREMENT=35 DEFAULT CHARSET=utf8;

/*Data for the table `yxfeedback` */

insert  into `yxfeedback`(`fid`,`uid`,`uname`,`messagename`,`datetime`,`textarea`) values (1,8,'微享云用户','测试1','2019-08-17 18:24:12','1111111111111111111111111111'),(2,8,'微享云用户','测试2','2019-08-17 18:27:04','222222222222'),(3,8,'微享云用户','测试2','2019-08-17 18:27:08','222222222222'),(4,8,'微享云用户','测试三','2019-08-17 18:28:48','33333333333'),(5,8,'微享云用户','1111111','2019-08-17 18:33:17','111111111111111'),(6,8,'微享云用户','44444444444444','2019-08-17 18:36:54','444444444444444444'),(7,8,'微享云用户','11111111111','2019-08-17 18:38:44','11111111111111111111111'),(8,8,'微享云用户','111111111111','2019-08-17 18:39:40','111111111111111111'),(9,8,'微享云用户','111111111111111111111111111111','2019-08-17 18:48:02','11111111111111111111111111111111111111111111111111111111111111111111111111111111111111111111111111111111111111111111111111111111111111111111111111111111111111111111111111111111111111111111111111111111'),(10,8,'微享云用户','11111111111111111','2019-08-17 18:50:19','11111111111111111111111111111'),(11,8,'微享云用户','11111111','2019-08-17 18:50:54','111111111111111'),(12,8,'微享云用户','','2019-08-17 18:52:18',''),(13,8,'微享云用户','哈哈哈','2019-08-17 18:54:57','哈哈哈哈啊哈哈'),(14,8,'微享云用户','11111111111','2019-08-17 18:57:19','1111111111111111111111111111'),(15,8,'微享云用户','11111111111','2019-08-17 19:00:37','1111111111111'),(16,8,'微享云用户','11111111111','2019-08-17 19:02:35','11111111111111'),(17,8,'微享云用户','11111111111','2019-08-17 19:06:26','111111111111111'),(18,8,'微享云用户','11111111111','2019-08-17 21:29:59','11111111111111111111111'),(19,8,'微享云用户','界面太low','2019-08-18 10:04:37','界面太low.....'),(20,11,'微享云用户','界面太low','2019-08-18 12:16:36','界面太low....'),(21,12,'微享云用户','界面太low','2019-08-18 17:49:36','界面太low....'),(22,13,'微享云用户','界面太low','2019-08-18 18:07:20','界面太low界面太low界面太low'),(23,8,'微享云用户','界面太low','2019-08-21 20:39:32','11111111111111111111111111'),(24,1,'微享云用户','界面太low','2019-08-28 10:44:52','1111111111111111111111111111'),(25,2,'小喇叭','界面太low','2019-08-29 13:47:06','11111111111'),(26,1,'我是你霸霸','界面太low','2019-09-09 20:27:44','111111111111111111'),(27,7,'微享云用户','66666666','2019-10-08 11:43:45','6666666+++6666656d4a64afafafafafafadsfa'),(28,11,'微享云用户','dsfsdfdsfsd','2019-10-11 21:03:34','sdfgsdfsef'),(29,12,'谁TM买小米啊','热特瑞特人','2019-10-17 20:30:28','儿童人也瑞特瑞特瑞特瑞特人热特瑞特让他'),(30,1,'菠菜贱卖','11111111111','2019-11-29 20:12:09','1111111111111111111111'),(31,35,'微享云用户','？？？？？？','2019-12-12 17:23:05','？？？？？？？？？？？？？？？？？？？？？？？？？？'),(32,22,'微享云用户','111111111111','2019-12-12 17:23:11','111111111111111111'),(33,35,'微享云用户','？？？？？？','2019-12-12 17:24:45','？？？？？？？？？？？？？？？？？？？？？？？？？？？？？？？？？？？？？？？？？？？？？？？？？？？？？？？？？？？？？？？？？？？？？？？？'),(34,27,'你Giao~哥','疑问??????','2019-12-12 17:30:56','你能看见我吗???????');

/*Table structure for table `yxfriend` */

DROP TABLE IF EXISTS `yxfriend`;

CREATE TABLE `yxfriend` (
  `fid` int(11) NOT NULL AUTO_INCREMENT,
  `uid1` int(11) DEFAULT NULL,
  `uid2` int(11) DEFAULT NULL,
  `createTime` timestamp NOT NULL DEFAULT CURRENT_TIMESTAMP ON UPDATE CURRENT_TIMESTAMP,
  PRIMARY KEY (`fid`)
) ENGINE=InnoDB AUTO_INCREMENT=22 DEFAULT CHARSET=utf8;

/*Data for the table `yxfriend` */

insert  into `yxfriend`(`fid`,`uid1`,`uid2`,`createTime`) values (1,4,1,'2019-09-30 12:44:14'),(2,2,4,'2019-09-30 13:28:43'),(3,3,4,'2019-09-30 13:28:47'),(9,3,1,'2019-10-01 15:38:10'),(10,1,2,'2019-10-01 16:02:56'),(11,1,1,'2019-10-01 16:05:31'),(12,1,7,'2019-10-08 11:36:28'),(13,10,1,'2019-10-08 14:24:00'),(14,11,2,'2019-10-11 21:03:09'),(15,11,1,'2019-10-11 21:03:21'),(16,3,3,'2019-11-29 20:29:57'),(18,38,17,'2019-12-12 17:20:17'),(19,17,18,'2019-12-12 17:23:47'),(20,38,18,'2019-12-12 17:23:59'),(21,15,1,'2019-12-18 16:54:47');

/*Table structure for table `yxfriendmessage` */

DROP TABLE IF EXISTS `yxfriendmessage`;

CREATE TABLE `yxfriendmessage` (
  `mid` bigint(20) NOT NULL AUTO_INCREMENT COMMENT '主键',
  `requestId` int(11) DEFAULT NULL COMMENT '发送消息的人的Id',
  `acceptId` int(11) DEFAULT NULL COMMENT '接收消息的人的Id',
  `messageContent` varchar(100) DEFAULT NULL COMMENT '消息内容',
  `messageStatus` int(11) DEFAULT NULL COMMENT '消息状态,0未读,1已读',
  `messageType` int(11) DEFAULT NULL COMMENT '消息类型，0为消息，1为资源',
  `sendTime` timestamp NOT NULL DEFAULT CURRENT_TIMESTAMP ON UPDATE CURRENT_TIMESTAMP COMMENT '消息发送时间',
  PRIMARY KEY (`mid`)
) ENGINE=InnoDB AUTO_INCREMENT=220 DEFAULT CHARSET=utf8;

/*Data for the table `yxfriendmessage` */

insert  into `yxfriendmessage`(`mid`,`requestId`,`acceptId`,`messageContent`,`messageStatus`,`messageType`,`sendTime`) values (2,1,4,'1111111111111',1,0,'2019-09-30 18:01:24'),(3,4,1,'11',1,1,'2019-09-30 18:02:09'),(4,4,1,'11',1,1,'2019-09-30 18:02:09'),(5,4,1,'11',1,1,'2019-09-30 18:02:09'),(6,1,4,'3',1,1,'2019-09-30 18:01:24'),(7,1,4,'4',1,1,'2019-09-30 18:01:24'),(8,1,4,'8',1,1,'2019-09-30 18:01:24'),(9,1,4,'10',1,1,'2019-09-30 18:02:32'),(10,1,4,'2',1,1,'2019-09-30 18:16:49'),(11,1,4,'10',1,1,'2019-09-30 18:17:32'),(12,1,4,'4',1,1,'2019-09-30 18:21:32'),(13,1,4,'3',1,1,'2019-09-30 18:21:32'),(14,4,3,'11',1,1,'2019-10-01 15:39:16'),(15,4,3,'11',1,1,'2019-10-01 15:39:16'),(16,4,1,'1111111111',1,0,'2019-09-30 19:37:26'),(17,4,1,'111111111111111111111111111111111',1,0,'2019-09-30 19:37:26'),(18,1,4,'11111111',1,0,'2019-09-30 19:37:58'),(19,1,4,'11111111111111111',1,0,'2019-09-30 19:37:58'),(20,1,4,'11111111111',1,0,'2019-09-30 19:38:27'),(21,1,4,'111111111111111',1,0,'2019-09-30 19:38:27'),(22,1,4,'111111111111111111111',1,0,'2019-09-30 19:38:27'),(23,4,1,'11',1,1,'2019-09-30 19:38:44'),(24,1,4,'1111111111',1,0,'2019-09-30 19:50:09'),(25,1,4,'8',1,1,'2019-09-30 19:50:09'),(26,4,1,'你个垃圾呵呵',1,0,'2019-09-30 19:50:27'),(27,4,1,'111111111111111',1,0,'2019-09-30 19:51:07'),(28,4,1,'111111111111111111111111',1,0,'2019-09-30 19:51:07'),(29,4,1,'1',1,0,'2019-09-30 19:51:07'),(30,4,1,'1',1,0,'2019-09-30 19:51:07'),(31,4,1,'1',1,0,'2019-09-30 19:54:46'),(32,4,1,'1',1,0,'2019-09-30 19:54:46'),(33,4,1,'1',1,0,'2019-09-30 19:54:46'),(34,4,1,'1',1,0,'2019-09-30 19:54:46'),(35,4,1,'1',1,0,'2019-09-30 19:54:46'),(36,4,1,'1',1,0,'2019-09-30 19:54:46'),(37,4,1,'1',1,0,'2019-09-30 19:54:46'),(38,4,1,'1',1,0,'2019-09-30 19:54:46'),(39,4,1,'1',1,0,'2019-09-30 19:54:46'),(40,4,1,'1',1,0,'2019-09-30 19:54:46'),(41,4,1,'1',1,0,'2019-09-30 19:54:46'),(42,4,1,'1',1,0,'2019-09-30 19:54:46'),(43,4,1,'1',1,0,'2019-09-30 19:54:46'),(44,4,1,'1',1,0,'2019-09-30 19:54:46'),(45,4,1,'1',1,0,'2019-09-30 19:54:46'),(46,4,1,'1',1,0,'2019-09-30 19:54:46'),(47,4,1,'1',1,0,'2019-09-30 19:54:46'),(48,4,1,'1',1,0,'2019-09-30 19:54:46'),(49,4,1,'1',1,0,'2019-09-30 19:54:46'),(50,4,1,'1',1,0,'2019-09-30 19:54:46'),(51,4,1,'1',1,0,'2019-09-30 19:54:46'),(52,4,1,'1',1,0,'2019-09-30 19:54:46'),(53,4,1,'1',1,0,'2019-09-30 19:54:46'),(54,4,1,'1',1,0,'2019-09-30 19:54:46'),(55,4,1,'1',1,0,'2019-09-30 19:54:46'),(56,4,1,'1',1,0,'2019-09-30 19:54:46'),(57,4,1,'1',1,0,'2019-09-30 19:54:46'),(58,4,1,'1',1,0,'2019-09-30 19:54:46'),(59,4,1,'1',1,0,'2019-09-30 19:54:46'),(60,4,1,'11',1,0,'2019-09-30 19:54:46'),(61,4,1,'11',1,0,'2019-09-30 19:54:46'),(62,4,1,'1',1,0,'2019-09-30 19:54:46'),(63,4,1,'1',1,0,'2019-09-30 19:54:46'),(64,4,1,'1',1,0,'2019-09-30 19:54:46'),(65,4,1,'11',1,0,'2019-09-30 19:54:46'),(66,1,4,'1',1,0,'2019-09-30 19:55:11'),(67,1,4,'1',1,0,'2019-09-30 19:55:11'),(68,1,4,'1',1,0,'2019-09-30 19:55:11'),(69,1,4,'1',1,0,'2019-09-30 19:55:11'),(70,1,4,'1',1,0,'2019-09-30 19:55:11'),(71,1,4,'1',1,0,'2019-09-30 19:55:11'),(72,1,4,'1',1,0,'2019-09-30 19:55:11'),(73,1,4,'111111111111111111',1,0,'2019-09-30 20:09:18'),(74,1,4,'123131',1,0,'2019-09-30 20:09:46'),(75,1,4,'8',0,1,'2019-10-01 14:22:11'),(76,1,4,'7',0,1,'2019-10-01 15:25:15'),(77,1,3,'3',1,1,'2019-10-01 15:39:02'),(78,1,3,'你好啊,认识一下吧',1,0,'2019-10-01 15:39:02'),(79,3,1,'123123123123',1,0,'2019-10-01 15:39:41'),(80,3,1,'9',1,1,'2019-10-01 15:39:41'),(81,2,1,'你妈买菜必涨价',1,0,'2019-10-01 16:04:05'),(82,1,2,'11111111111111111111111111',1,0,'2019-10-01 16:04:51'),(83,2,1,'6',1,1,'2019-10-01 16:05:20'),(84,1,1,'8',1,1,'2019-10-01 16:28:42'),(85,1,1,'5',1,1,'2019-10-01 16:29:01'),(86,1,1,'7',1,1,'2019-10-01 16:29:01'),(87,1,1,'5',1,1,'2019-10-01 16:29:01'),(88,1,1,'12',1,1,'2019-10-07 20:03:16'),(89,1,2,'12',0,1,'2019-10-07 20:03:29'),(90,7,1,'2',1,0,'2019-10-08 11:36:38'),(91,1,7,'11111111111111111',1,0,'2019-10-08 11:36:58'),(92,7,1,'222',1,0,'2019-10-08 11:37:10'),(93,1,1,'你是个沙雕',1,0,'2019-10-11 20:47:25'),(94,1,1,',没有小JJ',1,0,'2019-10-11 20:47:25'),(95,1,1,'1111111111',1,0,'2019-10-11 20:47:46'),(96,1,1,'26',1,1,'2019-10-11 20:50:04'),(97,1,2,'26',0,1,'2019-10-11 20:50:07'),(98,1,2,'23',0,1,'2019-10-11 20:50:20'),(99,1,1,'11111111111',1,0,'2019-10-11 20:53:12'),(100,1,1,'111111111111111',1,0,'2019-10-11 20:53:12'),(101,1,1,'1111111111111111',1,0,'2019-10-11 20:53:12'),(102,1,3,'22',1,1,'2019-11-29 19:45:57'),(103,1,3,'22',1,1,'2019-11-29 19:45:57'),(104,1,1,'1',1,0,'2019-10-11 20:53:45'),(105,1,1,'111',1,0,'2019-10-11 20:53:45'),(106,1,10,'18',1,1,'2019-10-17 16:47:59'),(107,1,10,'23',1,1,'2019-10-17 16:47:59'),(108,1,10,'25',1,1,'2019-10-17 16:47:59'),(109,1,10,'24',1,1,'2019-10-17 16:47:59'),(110,1,10,'23',1,1,'2019-10-17 16:47:59'),(111,1,11,'17',1,1,'2019-10-11 21:03:39'),(112,1,11,'你好',1,0,'2019-10-11 21:03:39'),(113,11,1,'dfgdfg',1,0,'2019-10-11 21:04:19'),(114,11,1,'dfg',1,0,'2019-10-11 21:04:19'),(115,11,1,'df',1,0,'2019-10-11 21:04:19'),(116,11,1,'df',1,0,'2019-10-11 21:04:19'),(117,11,1,'dfg',1,0,'2019-10-11 21:04:19'),(118,11,1,'fg',1,0,'2019-10-11 21:04:19'),(119,11,1,'dfg',1,0,'2019-10-11 21:04:19'),(120,11,1,'df',1,0,'2019-10-11 21:04:19'),(121,11,1,'df',1,0,'2019-10-11 21:04:19'),(122,11,1,'g',1,0,'2019-10-11 21:04:19'),(123,11,1,'g',1,0,'2019-10-11 21:04:19'),(124,11,1,'dfg',1,0,'2019-10-11 21:04:19'),(125,11,1,'df',1,0,'2019-10-11 21:04:19'),(126,11,1,'df',1,0,'2019-10-11 21:04:19'),(127,11,1,'g',1,0,'2019-10-11 21:04:19'),(128,11,1,'g',1,0,'2019-10-11 21:04:19'),(129,11,1,'dfg',1,0,'2019-10-11 21:04:19'),(130,11,1,'df',1,0,'2019-10-11 21:04:19'),(131,11,1,'df',1,0,'2019-10-11 21:04:19'),(132,11,1,'g',1,0,'2019-10-11 21:04:19'),(133,11,1,'dfg',1,0,'2019-10-11 21:04:19'),(134,11,1,'g',1,0,'2019-10-11 21:04:19'),(135,11,1,'dfg',1,0,'2019-10-11 21:04:19'),(136,11,1,'df',1,0,'2019-10-11 21:04:19'),(137,11,1,'dfg',1,0,'2019-10-11 21:04:19'),(138,11,1,'df',1,0,'2019-10-11 21:04:19'),(139,11,1,'d',1,0,'2019-10-11 21:04:19'),(140,11,1,'gdfg',1,0,'2019-10-11 21:04:19'),(141,11,1,'df',1,0,'2019-10-11 21:04:19'),(142,11,1,'dfg',1,0,'2019-10-11 21:04:19'),(143,11,1,'gdf',1,0,'2019-10-11 21:04:19'),(144,11,1,'你是',1,0,'2019-10-11 21:04:19'),(145,11,1,'？？？',1,0,'2019-10-11 21:04:19'),(146,11,1,'妹子吗',1,0,'2019-10-11 21:04:19'),(147,1,11,'11111111111',1,0,'2019-10-11 21:04:28'),(148,11,1,'怎么同步啊',1,0,'2019-10-11 21:05:48'),(149,11,1,'怎么同步啊',1,0,'2019-10-11 21:06:24'),(150,1,11,'19',1,1,'2019-10-11 21:07:06'),(151,11,1,'怎么这么厉害',1,0,'2019-10-11 21:07:19'),(152,11,1,'66666',1,0,'2019-10-11 21:07:19'),(153,11,1,'太厉害了',1,0,'2019-10-11 21:07:19'),(154,11,1,'谷神',1,0,'2019-10-11 21:07:19'),(155,1,11,'...........',1,0,'2019-10-11 21:08:36'),(156,1,11,'我打死你',1,0,'2019-10-11 21:08:36'),(157,11,1,'太强了',1,0,'2019-10-11 21:09:09'),(158,11,1,'真的强',1,0,'2019-10-11 21:09:09'),(159,1,11,'老刘',1,0,'2019-10-11 21:09:28'),(160,1,11,'.................',1,0,'2019-10-11 21:09:28'),(161,11,1,'怎么做到的',1,0,'2019-10-11 21:09:35'),(162,1,11,'你是真的强',1,0,'2019-10-11 21:09:40'),(163,1,11,'用双手成就梦想',1,0,'2019-10-11 21:14:22'),(164,11,1,'怎么做到的',1,0,'2019-10-11 21:10:33'),(165,1,11,'.......................',1,0,'2019-10-11 21:14:22'),(166,1,11,'数据库啊',1,0,'2019-10-11 21:14:22'),(167,1,11,'我调',1,0,'2019-10-11 21:14:22'),(168,1,11,'又不是客户端',1,0,'2019-10-11 21:14:22'),(169,1,1,'18',1,1,'2019-10-17 15:13:32'),(170,10,1,'cnm',1,0,'2019-10-17 16:48:23'),(171,3,1,'30',1,1,'2019-11-29 19:58:16'),(172,3,1,'13123123',1,0,'2019-11-29 19:58:16'),(173,3,1,'12313123123',1,0,'2019-11-29 19:58:16'),(174,3,1,'30',1,1,'2019-11-29 20:01:13'),(175,3,1,'1231312321123',1,0,'2019-11-29 20:01:13'),(176,3,1,'1323',1,0,'2019-11-29 20:01:13'),(177,3,1,'12',1,0,'2019-11-29 20:01:13'),(178,3,1,'123',1,0,'2019-11-29 20:01:13'),(179,3,1,'12',1,0,'2019-11-29 20:01:13'),(180,3,3,'2131313',1,0,'2019-11-29 20:30:23'),(181,3,3,'123131313',1,0,'2019-11-29 20:30:27'),(182,3,3,'1231',1,0,'2019-11-29 20:30:27'),(183,3,3,'31',1,0,'2019-11-29 20:30:27'),(184,3,3,'3',1,0,'2019-11-29 20:30:27'),(185,3,3,'3',1,0,'2019-11-29 20:30:27'),(186,3,3,'3',1,0,'2019-11-29 20:30:27'),(187,3,1,'30',1,1,'2019-12-09 13:49:16'),(188,3,3,'30',1,1,'2019-12-09 10:12:38'),(189,3,3,'你好',1,0,'2019-12-09 10:12:38'),(190,1,3,'123131',1,0,'2019-12-09 13:43:01'),(191,1,3,'122312',1,0,'2019-12-09 13:43:01'),(192,1,3,'13',1,0,'2019-12-09 13:43:01'),(193,1,3,'123',1,0,'2019-12-09 13:43:01'),(194,1,3,'23',1,0,'2019-12-09 13:43:01'),(195,1,3,'13',1,0,'2019-12-09 13:43:01'),(196,1,3,'132',1,0,'2019-12-09 13:43:01'),(197,3,1,'123',1,0,'2019-12-09 13:49:16'),(198,3,1,'312',1,0,'2019-12-09 13:49:16'),(199,3,1,'1',1,0,'2019-12-09 13:49:16'),(200,3,1,'13',1,0,'2019-12-09 13:49:16'),(201,3,1,'13',1,0,'2019-12-09 13:49:16'),(202,3,1,'31',1,0,'2019-12-09 13:49:16'),(203,3,3,'35',1,1,'2019-12-12 13:13:35'),(204,3,3,'35',1,1,'2019-12-12 15:05:33'),(205,3,3,'37',1,1,'2019-12-12 15:07:30'),(206,3,3,'34',1,1,'2019-12-12 15:08:47'),(207,3,3,'35',1,1,'2019-12-12 15:20:59'),(208,3,3,'35',1,1,'2019-12-12 15:21:19'),(209,17,38,'11111',1,0,'2019-12-12 17:20:42'),(210,18,38,'？？？',1,0,'2019-12-12 17:24:26'),(211,1,4,'18',0,1,'2019-12-16 09:53:54'),(212,1,4,'21313',0,0,'2019-12-18 16:52:58'),(213,1,4,'132213',0,0,'2019-12-18 16:52:59'),(214,1,4,'19',0,1,'2019-12-18 16:53:02'),(215,1,4,'23',0,1,'2019-12-18 16:53:05'),(216,1,15,'123123123',1,0,'2019-12-18 16:55:35'),(217,1,15,'1312312',1,0,'2019-12-18 16:55:35'),(218,1,15,'12313',1,0,'2019-12-18 16:55:35'),(219,1,15,'19',1,1,'2019-12-18 16:55:35');

/*Table structure for table `yxfriendrequest` */

DROP TABLE IF EXISTS `yxfriendrequest`;

CREATE TABLE `yxfriendrequest` (
  `rid` int(11) NOT NULL AUTO_INCREMENT,
  `requestId` int(11) DEFAULT NULL COMMENT '发送请求用户id',
  `acceptId` int(11) DEFAULT NULL COMMENT '接受请求id',
  `friendRequest` varchar(50) DEFAULT NULL COMMENT '验证信息',
  `requestStatus` int(11) DEFAULT NULL COMMENT '0为尚未处理,1为同意,2为拒绝',
  `requestTime` timestamp NOT NULL DEFAULT CURRENT_TIMESTAMP ON UPDATE CURRENT_TIMESTAMP COMMENT '请求时间',
  PRIMARY KEY (`rid`)
) ENGINE=InnoDB AUTO_INCREMENT=26 DEFAULT CHARSET=utf8;

/*Data for the table `yxfriendrequest` */

insert  into `yxfriendrequest`(`rid`,`requestId`,`acceptId`,`friendRequest`,`requestStatus`,`requestTime`) values (8,3,1,'你好啊',1,'2019-10-01 15:38:10'),(9,1,1,'你好呀,',1,'2019-10-01 16:05:31'),(10,1,2,'你好呀,',1,'2019-10-01 16:02:56'),(11,1,7,'1111111111111111111',1,'2019-10-08 11:36:28'),(12,10,1,'',1,'2019-10-08 14:24:00'),(13,11,1,'yftrurty',1,'2019-10-11 21:03:21'),(14,3,3,'12313',1,'2019-11-29 20:29:57'),(15,38,17,'wwwwwwwwwwwwwwwwwww',1,'2019-12-12 17:20:17'),(16,38,18,'123123',1,'2019-12-12 17:23:59'),(17,17,38,'1111111111111',1,'2019-12-12 17:20:15'),(18,17,18,'',1,'2019-12-12 17:23:47'),(19,20,27,'你是哪个',0,'2019-12-12 17:26:38'),(20,36,18,'',0,'2019-12-12 17:35:20'),(21,36,38,'熊祺',0,'2019-12-12 17:35:42'),(22,36,20,'熊祺',0,'2019-12-12 17:35:57'),(23,1,17,'',0,'2019-12-16 09:52:11'),(24,1,27,'11223123312',0,'2019-12-18 16:52:24'),(25,15,1,'1231',1,'2019-12-18 16:54:47');

/*Table structure for table `yxmusiccollect` */

DROP TABLE IF EXISTS `yxmusiccollect`;

CREATE TABLE `yxmusiccollect` (
  `cid` int(11) NOT NULL AUTO_INCREMENT COMMENT '主键',
  `mid` int(11) DEFAULT NULL COMMENT '歌曲id',
  `uid` int(11) DEFAULT NULL COMMENT '用户ID',
  `collecttime` timestamp NOT NULL DEFAULT CURRENT_TIMESTAMP ON UPDATE CURRENT_TIMESTAMP COMMENT '收藏时间',
  PRIMARY KEY (`cid`),
  UNIQUE KEY `UNIQUE` (`mid`,`uid`)
) ENGINE=InnoDB AUTO_INCREMENT=27 DEFAULT CHARSET=utf8;

/*Data for the table `yxmusiccollect` */

insert  into `yxmusiccollect`(`cid`,`mid`,`uid`,`collecttime`) values (1,2,1,'2019-08-28 13:09:08'),(2,5,2,'2019-08-29 13:47:34'),(3,5,1,'2019-09-03 19:45:14'),(4,10,4,'2019-09-10 16:12:55'),(5,14,1,'2019-10-17 16:27:02'),(8,27,1,'2019-10-17 16:42:41'),(10,26,12,'2019-10-17 20:49:16'),(11,30,3,'2019-11-29 20:28:36'),(14,37,3,'2019-12-12 15:09:48'),(15,27,3,'2019-12-12 15:10:16'),(16,38,1,'2019-12-12 16:27:33'),(18,12,20,'2019-12-12 17:00:48'),(19,42,42,'2019-12-12 17:11:41'),(20,44,31,'2019-12-12 17:24:16'),(21,40,20,'2019-12-12 17:31:07'),(22,43,1,'2019-12-16 09:51:51'),(23,52,1,'2019-12-16 10:01:01'),(24,51,1,'2019-12-16 10:01:06'),(25,49,1,'2019-12-16 10:01:08'),(26,48,1,'2019-12-16 12:50:55');

/*Table structure for table `yxmusictags` */

DROP TABLE IF EXISTS `yxmusictags`;

CREATE TABLE `yxmusictags` (
  `tid` int(11) NOT NULL AUTO_INCREMENT COMMENT '主键',
  `cid` int(11) NOT NULL COMMENT '音乐id',
  `uid` int(11) NOT NULL COMMENT '点赞人id',
  `ip` varchar(50) DEFAULT NULL COMMENT 'IP地址',
  PRIMARY KEY (`tid`),
  UNIQUE KEY `mid` (`cid`,`uid`)
) ENGINE=InnoDB AUTO_INCREMENT=190 DEFAULT CHARSET=utf8;

/*Data for the table `yxmusictags` */

insert  into `yxmusictags`(`tid`,`cid`,`uid`,`ip`) values (51,28,1,'192.168.1.105'),(52,27,1,'192.168.1.105'),(56,22,1,'192.168.1.105'),(60,26,1,'192.168.1.105'),(64,32,1,'192.168.1.105'),(68,35,2,'192.168.43.251'),(69,31,2,'192.168.43.251'),(84,32,2,'192.168.43.251'),(87,36,2,'192.168.43.251'),(88,37,2,'192.168.111.1'),(90,2,2,'192.168.111.1'),(92,24,1,'192.168.111.1'),(93,23,1,'192.168.111.1'),(94,38,1,'192.168.111.1'),(96,35,1,'192.168.111.1'),(103,1,2,'192.168.43.251'),(104,40,2,'192.168.43.251'),(120,2,1,'192.168.43.251'),(122,37,1,'192.168.43.251'),(123,3,1,'192.168.43.251'),(124,42,3,'192.168.43.251'),(125,36,3,'192.168.43.251'),(126,32,3,'192.168.43.251'),(135,11,1,'192.168.43.251'),(137,44,4,'192.168.111.1'),(142,46,4,'192.168.1.102'),(144,45,4,'192.168.1.102'),(147,50,1,'192.168.1.102'),(148,51,1,'192.168.1.102'),(149,52,1,'192.168.1.102'),(151,60,1,'192.168.111.1'),(154,62,1,'192.168.111.1'),(156,59,1,'192.168.111.1'),(158,65,3,'192.168.111.1'),(162,69,38,'192.168.111.1'),(163,68,38,'192.168.111.1'),(165,73,30,'192.168.111.1'),(166,74,17,'192.168.111.1'),(167,76,17,'192.168.111.1'),(168,74,38,'192.168.111.1'),(169,79,27,'192.168.111.1'),(173,83,20,'192.168.111.1'),(175,84,31,'192.168.111.1'),(176,81,20,'192.168.111.1'),(177,72,20,'192.168.111.1'),(178,85,20,'192.168.111.1'),(179,86,20,'192.168.111.1'),(180,79,17,'192.168.111.1'),(181,87,20,'192.168.111.1'),(183,79,20,'192.168.111.1'),(185,94,20,'192.168.111.1'),(188,92,1,'192.168.111.1'),(189,99,1,'192.168.111.1');

/*Table structure for table `yxmv` */

DROP TABLE IF EXISTS `yxmv`;

CREATE TABLE `yxmv` (
  `mid` int(11) NOT NULL AUTO_INCREMENT COMMENT 'MVid',
  `mname` varchar(100) DEFAULT NULL COMMENT 'mv名称',
  `mtitle` varchar(200) DEFAULT NULL COMMENT '简介',
  `murl` varchar(200) DEFAULT NULL COMMENT 'MV路径',
  `msize` float DEFAULT NULL COMMENT 'mv大小',
  `mnum` bigint(20) DEFAULT NULL COMMENT '播放次数',
  `mbnum` bigint(20) DEFAULT NULL COMMENT '下载次数',
  `ifyid` int(11) DEFAULT NULL COMMENT '分类',
  PRIMARY KEY (`mid`)
) ENGINE=InnoDB AUTO_INCREMENT=21 DEFAULT CHARSET=utf8;

/*Data for the table `yxmv` */

insert  into `yxmv`(`mid`,`mname`,`mtitle`,`murl`,`msize`,`mnum`,`mbnum`,`ifyid`) values (1,'Ellie Goulding','Burn','http://47.103.12.222/mv/user/1/mv4464017208786490_1280x720.mp4',53.9,0,0,2),(2,'薛之谦','演员','http://47.103.12.222/mv/user/1/mv9979dc884a5cf23f5b6cf7c72729f7e4.mp4',78.5,0,0,4),(3,'薛之谦','动物世界','http://47.103.12.222/mv/user/1/mv40a1692631b7b24105cd83f869d94fae.mp4',46.4,0,0,4),(4,'Aimer','茜さす','http://47.103.12.222/mv/user/1/rb1e167eef111ea35848073e8705334c6f.mp4',39.9,0,0,10),(5,'7!!','オレンジ','http://47.103.12.222/mv/user/1/rb235e4b7e5b19fd510a67d80884c37cd07.mp4',108,0,0,10),(6,'米津玄師','Lemon','http://vodkgeyttp8.vod.126.net/cloudmusic/mv/20180227074012/91832105-772a-4670-9a64-38aa25a44565/a3a314d1c52ddd61827ee6d60d093b6c.mp4?wsSecret=2b271477461cf973aaf447827d05aec2&wsTime=1570800460',42.4,0,0,10),(7,'RADWIMPS','前前前世 (movie ver.)','http://47.103.12.222/mv/user/1/rb45981eba2de884a7c183e20b3979a7ee7.mp4',66.5,0,0,10),(8,'袁娅维','说散就散','http://vodkgeyttp8.vod.126.net/cloudmusic/MDEgMCFiIiEwJCBhIGAkIQ==/mv/5741462/7aa696545b56d70d5d1773338b2f1dd3.mp4?wsSecret=0ad20618254420fefb325569570ee39c&wsTime=1570800509',38.5,0,0,4),(9,'李荣浩','年少有为','http://vodkgeyttp8.vod.126.net/cloudmusic/MDAgNSAwMDIhYmAhIDBgIQ==/mv/5965802/fd96aaf587416349347780006885c565.mp4?wsSecret=8ae8202d23f17be7022a27ddd185b3f8&wsTime=1570800535',43.2,0,0,2),(10,'薛之谦','丑八怪','http://vodkgeyttp8.vod.126.net/cloudmusic/YSAwOGAhICExIjAwITAkMw==/mv/193084/27af9e6bf9a388be4b7344a4906de091.mp4?wsSecret=6121da2bf5b213b6e1ecc5c022b95935&wsTime=1570800569',37.7,0,0,2),(11,'薛之谦','我好像在哪见过你','http://vodkgeyttp8.vod.126.net/cloudmusic/NyA0IiFgITRgNSAzMGYgIQ==/mv/5341364/d451970e456705edcb4b0766fb7769e3.mp4?wsSecret=5671b74d50af2b467343c2ef3eaa82c5&wsTime=1570800595',39.2,0,0,4),(12,'薛之谦','像风一样','http://vodkgeyttp8.vod.126.net/cloudmusic/JDEhJCAwIGEgMCEyMCAkIA==/mv/5780008/af3c972d6d7f09fa22bf17fb44faa1b8.mp4?wsSecret=36ec5accaf55a959f95fbda1e7327f98&wsTime=1570800619',50.1,0,0,2),(13,'郑智化','水手','http://vodkgeyttp8.vod.126.net/cloudmusic/ODEyNDk0NTA=/8faacedfd2181cb29e013b2f8872870f/8c7188b2daa1313cabfb363c31043846.mp4?wsSecret=03b55e4109d6bc1f8a82673a7d8da532&wsTime=1570800641',45.8,0,0,1),(14,'张信哲','过火','http://vodkgeyttp8.vod.126.net/cloudmusic/MTI5MDc0OTc=/e4ff31bcb7164755adf680ef3ab86580/a91861c1f4ad552936a7b299e661cf4e.mp4?wsSecret=2342bb79472ea3c986f292d8f524cda2&wsTime=1570800667',23.7,0,0,1),(15,'李春波','小芳','http://vodkgeyttp8.vod.126.net/cloudmusic/ODEyNDk0NTA=/78d815e5798f783f488fba3a0cc8cbf9/92963b59e7a3b990a92ed543f9d25091.mp4?wsSecret=7eed29fd5a33918cb60f580dbea17580&wsTime=1570800693',16.9,0,0,1),(16,'张学友','吻别','http://vodkgeyttp8.vod.126.net/cloudmusic/NjEyMTk1NjU=/9b7d493ebe5b64147807ab8b5dfc679f/a17c182c5227df600c0e9ed3a7112fbf.mp4?wsSecret=52d888e84dbaa04df8d96fb84526d18d&wsTime=1570800713',46.8,0,0,1),(17,'河图','倾尽天下','http://vodkgeyttp8.vod.126.net/cloudmusic/ICAwMCA0JTYwYSAgJSMgMA==/mv/333042/2b5bc2e62553a43a0b9da8d1701284a3.mp4?wsSecret=15d45dd644091c792f53d5e35b352082&wsTime=1570800737',14.4,0,0,3),(18,'霍尊','天行九歌','http://vodkgeyttp8.vod.126.net/cloudmusic/MjUyNDMxNzEw/0645927d1d174202121abf592a085c45/8447cf4e4920a63d5b8e7c5dd7fe2da0.mp4?wsSecret=5a8691f3a7167e2d7f46a08d7cdb92d8&wsTime=1570802427',31.5,0,0,3),(19,'音频怪物','典狱司','http://vodkgeyttp8.vod.126.net/cloudmusic/MSI0ISEwJGIhMSAwZDAgIQ==/mv/5341052/1cc321c6b03a316eee43ad740998681e.mp4?wsSecret=cd94950780d334eaa2dd817c27d19e27&wsTime=1568635612',60.6,0,0,3),(20,'萧忆情Alex','霜雪千年','http://vodkgeyttp8.vod.126.net/cloudmusic/MjU5MjI1Ng==/8ac492a32f46167fe148c5cf7290d307/b965cb61a2da139bb581e24efac79acb.mp4?wsSecret=0ef147b2096b3cbe52db8065fb5c85eb&wsTime=1570802487',35.3,0,0,3);

/*!40101 SET SQL_MODE=@OLD_SQL_MODE */;
/*!40014 SET FOREIGN_KEY_CHECKS=@OLD_FOREIGN_KEY_CHECKS */;
/*!40014 SET UNIQUE_CHECKS=@OLD_UNIQUE_CHECKS */;
/*!40111 SET SQL_NOTES=@OLD_SQL_NOTES */;
